<?xml version="1.0" encoding="UTF-8"?>
<!DOCTYPE configuration
        PUBLIC "-//mybatis.org//DTD Config 3.0//EN"
        "http://mybatis.org/dtd/mybatis-3-config.dtd">
<configuration>
    <!--驼峰命名规则-->
    <settings>
        <setting name="mapUnderscoreToCamelCase" value="true"/>
    </settings>

    <!--类型别名配置-->
    <typeAliases>
        <package name="com.aode.bean"/>
    </typeAliases>

    <plugins>
        <plugin interceptor="com.github.pagehelper.PageInterceptor">
            <!--分页参数有理化_即不会显示出现负数页码和超过总数的页面-->
            <property name="reasonable" value="true"/>
        </plugin>
    </plugins>

</configuration>

