<?xml version="1.0" encoding="UTF-8"?>
<!DOCTYPE mapper PUBLIC "-//mybatis.org//DTD Mapper 3.0//EN" "http://mybatis.org/dtd/mybatis-3-mapper.dtd">
<mapper namespace="com.aode.dao.AdminMapper">
  <resultMap id="BaseResultMap" type="com.aode.bean.Admin">
    <id column="admin_id" jdbcType="INTEGER" property="adminId" />
    <result column="admin_name" jdbcType="VARCHAR" property="adminName" />
    <result column="admin_year" jdbcType="VARCHAR" property="adminYear" />
    <result column="admin_depart" jdbcType="VARCHAR" property="adminDepart" />
    <result column="admin_phone" jdbcType="VARCHAR" property="adminPhone" />
    <result column="admin_password" jdbcType="VARCHAR" property="adminPassword" />
    <result column="admin_time" jdbcType="VARCHAR" property="adminTime" />
    <result column="admin_state" jdbcType="CHAR" property="adminState" />
  </resultMap>
  <sql id="Example_Where_Clause">
    <where>
      <foreach collection="oredCriteria" item="criteria" separator="or">
        <if test="criteria.valid">
          <trim prefix="(" prefixOverrides="and" suffix=")">
            <foreach collection="criteria.criteria" item="criterion">
              <choose>
                <when test="criterion.noValue">
                  and ${criterion.condition}
                </when>
                <when test="criterion.singleValue">
                  and ${criterion.condition} #{criterion.value}
                </when>
                <when test="criterion.betweenValue">
                  and ${criterion.condition} #{criterion.value} and #{criterion.secondValue}
                </when>
                <when test="criterion.listValue">
                  and ${criterion.condition}
                  <foreach close=")" collection="criterion.value" item="listItem" open="(" separator=",">
                    #{listItem}
                  </foreach>
                </when>
              </choose>
            </foreach>
          </trim>
        </if>
      </foreach>
    </where>
  </sql>
  <sql id="Update_By_Example_Where_Clause">
    <where>
      <foreach collection="example.oredCriteria" item="criteria" separator="or">
        <if test="criteria.valid">
          <trim prefix="(" prefixOverrides="and" suffix=")">
            <foreach collection="criteria.criteria" item="criterion">
              <choose>
                <when test="criterion.noValue">
                  and ${criterion.condition}
                </when>
                <when test="criterion.singleValue">
                  and ${criterion.condition} #{criterion.value}
                </when>
                <when test="criterion.betweenValue">
                  and ${criterion.condition} #{criterion.value} and #{criterion.secondValue}
                </when>
                <when test="criterion.listValue">
                  and ${criterion.condition}
                  <foreach close=")" collection="criterion.value" item="listItem" open="(" separator=",">
                    #{listItem}
                  </foreach>
                </when>
              </choose>
            </foreach>
          </trim>
        </if>
      </foreach>
    </where>
  </sql>
  <sql id="Base_Column_List">
    admin_id, admin_name, admin_year, admin_depart, admin_phone, admin_password, admin_time, 
    admin_state
  </sql>
  <select id="selectByExample" parameterType="com.aode.bean.AdminExample" resultMap="BaseResultMap">
    select
    <if test="distinct">
      distinct
    </if>
    <include refid="Base_Column_List" />
    from admin
    <if test="_parameter != null">
      <include refid="Example_Where_Clause" />
    </if>
    <if test="orderByClause != null">
      order by ${orderByClause}
    </if>
  </select>
  <select id="selectByPrimaryKey" parameterType="java.lang.Integer" resultMap="BaseResultMap">
    select 
    <include refid="Base_Column_List" />
    from admin
    where admin_id = #{adminId,jdbcType=INTEGER}
  </select>
  <delete id="deleteByPrimaryKey" parameterType="java.lang.Integer">
    delete from admin
    where admin_id = #{adminId,jdbcType=INTEGER}
  </delete>
  <delete id="deleteByExample" parameterType="com.aode.bean.AdminExample">
    delete from admin
    <if test="_parameter != null">
      <include refid="Example_Where_Clause" />
    </if>
  </delete>
  <insert id="insert" parameterType="com.aode.bean.Admin">
    insert into admin (admin_id, admin_name, admin_year, 
      admin_depart, admin_phone, admin_password, 
      admin_time, admin_state)
    values (#{adminId,jdbcType=INTEGER}, #{adminName,jdbcType=VARCHAR}, #{adminYear,jdbcType=VARCHAR}, 
      #{adminDepart,jdbcType=VARCHAR}, #{adminPhone,jdbcType=VARCHAR}, #{adminPassword,jdbcType=VARCHAR}, 
      #{adminTime,jdbcType=VARCHAR}, #{adminState,jdbcType=CHAR})
  </insert>
  <insert id="insertSelective" parameterType="com.aode.bean.Admin">
    insert into admin
    <trim prefix="(" suffix=")" suffixOverrides=",">
      <if test="adminId != null">
        admin_id,
      </if>
      <if test="adminName != null">
        admin_name,
      </if>
      <if test="adminYear != null">
        admin_year,
      </if>
      <if test="adminDepart != null">
        admin_depart,
      </if>
      <if test="adminPhone != null">
        admin_phone,
      </if>
      <if test="adminPassword != null">
        admin_password,
      </if>
      <if test="adminTime != null">
        admin_time,
      </if>
      <if test="adminState != null">
        admin_state,
      </if>
    </trim>
    <trim prefix="values (" suffix=")" suffixOverrides=",">
      <if test="adminId != null">
        #{adminId,jdbcType=INTEGER},
      </if>
      <if test="adminName != null">
        #{adminName,jdbcType=VARCHAR},
      </if>
      <if test="adminYear != null">
        #{adminYear,jdbcType=VARCHAR},
      </if>
      <if test="adminDepart != null">
        #{adminDepart,jdbcType=VARCHAR},
      </if>
      <if test="adminPhone != null">
        #{adminPhone,jdbcType=VARCHAR},
      </if>
      <if test="adminPassword != null">
        #{adminPassword,jdbcType=VARCHAR},
      </if>
      <if test="adminTime != null">
        #{adminTime,jdbcType=VARCHAR},
      </if>
      <if test="adminState != null">
        #{adminState,jdbcType=CHAR},
      </if>
    </trim>
  </insert>
  <select id="countByExample" parameterType="com.aode.bean.AdminExample" resultType="java.lang.Long">
    select count(*) from admin
    <if test="_parameter != null">
      <include refid="Example_Where_Clause" />
    </if>
  </select>
  <update id="updateByExampleSelective" parameterType="map">
    update admin
    <set>
      <if test="record.adminId != null">
        admin_id = #{record.adminId,jdbcType=INTEGER},
      </if>
      <if test="record.adminName != null">
        admin_name = #{record.adminName,jdbcType=VARCHAR},
      </if>
      <if test="record.adminYear != null">
        admin_year = #{record.adminYear,jdbcType=VARCHAR},
      </if>
      <if test="record.adminDepart != null">
        admin_depart = #{record.adminDepart,jdbcType=VARCHAR},
      </if>
      <if test="record.adminPhone != null">
        admin_phone = #{record.adminPhone,jdbcType=VARCHAR},
      </if>
      <if test="record.adminPassword != null">
        admin_password = #{record.adminPassword,jdbcType=VARCHAR},
      </if>
      <if test="record.adminTime != null">
        admin_time = #{record.adminTime,jdbcType=VARCHAR},
      </if>
      <if test="record.adminState != null">
        admin_state = #{record.adminState,jdbcType=CHAR},
      </if>
    </set>
    <if test="_parameter != null">
      <include refid="Update_By_Example_Where_Clause" />
    </if>
  </update>
  <update id="updateByExample" parameterType="map">
    update admin
    set admin_id = #{record.adminId,jdbcType=INTEGER},
      admin_name = #{record.adminName,jdbcType=VARCHAR},
      admin_year = #{record.adminYear,jdbcType=VARCHAR},
      admin_depart = #{record.adminDepart,jdbcType=VARCHAR},
      admin_phone = #{record.adminPhone,jdbcType=VARCHAR},
      admin_password = #{record.adminPassword,jdbcType=VARCHAR},
      admin_time = #{record.adminTime,jdbcType=VARCHAR},
      admin_state = #{record.adminState,jdbcType=CHAR}
    <if test="_parameter != null">
      <include refid="Update_By_Example_Where_Clause" />
    </if>
  </update>
  <update id="updateByPrimaryKeySelective" parameterType="com.aode.bean.Admin">
    update admin
    <set>
      <if test="adminName != null">
        admin_name = #{adminName,jdbcType=VARCHAR},
      </if>
      <if test="adminYear != null">
        admin_year = #{adminYear,jdbcType=VARCHAR},
      </if>
      <if test="adminDepart != null">
        admin_depart = #{adminDepart,jdbcType=VARCHAR},
      </if>
      <if test="adminPhone != null">
        admin_phone = #{adminPhone,jdbcType=VARCHAR},
      </if>
      <if test="adminPassword != null">
        admin_password = #{adminPassword,jdbcType=VARCHAR},
      </if>
      <if test="adminTime != null">
        admin_time = #{adminTime,jdbcType=VARCHAR},
      </if>
      <if test="adminState != null">
        admin_state = #{adminState,jdbcType=CHAR},
      </if>
    </set>
    where admin_id = #{adminId,jdbcType=INTEGER}
  </update>
  <update id="updateByPrimaryKey" parameterType="com.aode.bean.Admin">
    update admin
    set admin_name = #{adminName,jdbcType=VARCHAR},
      admin_year = #{adminYear,jdbcType=VARCHAR},
      admin_depart = #{adminDepart,jdbcType=VARCHAR},
      admin_phone = #{adminPhone,jdbcType=VARCHAR},
      admin_password = #{adminPassword,jdbcType=VARCHAR},
      admin_time = #{adminTime,jdbcType=VARCHAR},
      admin_state = #{adminState,jdbcType=CHAR}
    where admin_id = #{adminId,jdbcType=INTEGER}
  </update>
</mapper>