<?xml version="1.0" encoding="UTF-8"?>
<!DOCTYPE mapper PUBLIC "-//mybatis.org//DTD Mapper 3.0//EN" "http://mybatis.org/dtd/mybatis-3-mapper.dtd">
<mapper namespace="com.aode.dao.CommentMapper">
  <resultMap id="BaseResultMap" type="com.aode.bean.Comment">
    <id column="comment_id" jdbcType="INTEGER" property="commentId" />
    <result column="comment_content" jdbcType="VARCHAR" property="commentContent" />
    <result column="comment_postTime" jdbcType="TIMESTAMP" property="commentPosttime" />
    <result column="comment_ownerId" jdbcType="INTEGER" property="commentOwnerid" />
    <result column="comment_num" jdbcType="INTEGER" property="commentNum" />
    <result column="comment_userId" jdbcType="INTEGER" property="commentUserid" />
    <result column="comment_state" jdbcType="INTEGER" property="commentState" />
    <result column="comment_usernname" jdbcType="VARCHAR" property="commentUsernname" />
  </resultMap>
  <sql id="Example_Where_Clause">
    <where>
      <foreach collection="oredCriteria" item="criteria" separator="or">
        <if test="criteria.valid">
          <trim prefix="(" prefixOverrides="and" suffix=")">
            <foreach collection="criteria.criteria" item="criterion">
              <choose>
                <when test="criterion.noValue">
                  and ${criterion.condition}
                </when>
                <when test="criterion.singleValue">
                  and ${criterion.condition} #{criterion.value}
                </when>
                <when test="criterion.betweenValue">
                  and ${criterion.condition} #{criterion.value} and #{criterion.secondValue}
                </when>
                <when test="criterion.listValue">
                  and ${criterion.condition}
                  <foreach close=")" collection="criterion.value" item="listItem" open="(" separator=",">
                    #{listItem}
                  </foreach>
                </when>
              </choose>
            </foreach>
          </trim>
        </if>
      </foreach>
    </where>
  </sql>
  <sql id="Update_By_Example_Where_Clause">
    <where>
      <foreach collection="example.oredCriteria" item="criteria" separator="or">
        <if test="criteria.valid">
          <trim prefix="(" prefixOverrides="and" suffix=")">
            <foreach collection="criteria.criteria" item="criterion">
              <choose>
                <when test="criterion.noValue">
                  and ${criterion.condition}
                </when>
                <when test="criterion.singleValue">
                  and ${criterion.condition} #{criterion.value}
                </when>
                <when test="criterion.betweenValue">
                  and ${criterion.condition} #{criterion.value} and #{criterion.secondValue}
                </when>
                <when test="criterion.listValue">
                  and ${criterion.condition}
                  <foreach close=")" collection="criterion.value" item="listItem" open="(" separator=",">
                    #{listItem}
                  </foreach>
                </when>
              </choose>
            </foreach>
          </trim>
        </if>
      </foreach>
    </where>
  </sql>
  <sql id="Base_Column_List">
    comment_id, comment_content, comment_postTime, comment_ownerId, comment_num, comment_userId, 
    comment_state, comment_usernname
  </sql>
  <select id="selectByExample" parameterType="com.aode.bean.CommentExample" resultMap="BaseResultMap">
    select
    <if test="distinct">
      distinct
    </if>
    <include refid="Base_Column_List" />
    from comment
    <if test="_parameter != null">
      <include refid="Example_Where_Clause" />
    </if>
    <if test="orderByClause != null">
      order by ${orderByClause}
    </if>
  </select>
  <select id="selectByPrimaryKey" parameterType="java.lang.Integer" resultMap="BaseResultMap">
    select 
    <include refid="Base_Column_List" />
    from comment
    where comment_id = #{commentId,jdbcType=INTEGER}
  </select>
  <delete id="deleteByPrimaryKey" parameterType="java.lang.Integer">
    delete from comment
    where comment_id = #{commentId,jdbcType=INTEGER}
  </delete>
  <delete id="deleteByExample" parameterType="com.aode.bean.CommentExample">
    delete from comment
    <if test="_parameter != null">
      <include refid="Example_Where_Clause" />
    </if>
  </delete>
  <insert id="insert" parameterType="com.aode.bean.Comment">
    insert into comment (comment_id, comment_content, comment_postTime, 
      comment_ownerId, comment_num, comment_userId, 
      comment_state, comment_usernname)
    values (#{commentId,jdbcType=INTEGER}, #{commentContent,jdbcType=VARCHAR}, #{commentPosttime,jdbcType=TIMESTAMP}, 
      #{commentOwnerid,jdbcType=INTEGER}, #{commentNum,jdbcType=INTEGER}, #{commentUserid,jdbcType=INTEGER}, 
      #{commentState,jdbcType=INTEGER}, #{commentUsernname,jdbcType=VARCHAR})
  </insert>
  <insert id="insertSelective" parameterType="com.aode.bean.Comment">
    insert into comment
    <trim prefix="(" suffix=")" suffixOverrides=",">
      <if test="commentId != null">
        comment_id,
      </if>
      <if test="commentContent != null">
        comment_content,
      </if>
      <if test="commentPosttime != null">
        comment_postTime,
      </if>
      <if test="commentOwnerid != null">
        comment_ownerId,
      </if>
      <if test="commentNum != null">
        comment_num,
      </if>
      <if test="commentUserid != null">
        comment_userId,
      </if>
      <if test="commentState != null">
        comment_state,
      </if>
      <if test="commentUsernname != null">
        comment_usernname,
      </if>
    </trim>
    <trim prefix="values (" suffix=")" suffixOverrides=",">
      <if test="commentId != null">
        #{commentId,jdbcType=INTEGER},
      </if>
      <if test="commentContent != null">
        #{commentContent,jdbcType=VARCHAR},
      </if>
      <if test="commentPosttime != null">
        #{commentPosttime,jdbcType=TIMESTAMP},
      </if>
      <if test="commentOwnerid != null">
        #{commentOwnerid,jdbcType=INTEGER},
      </if>
      <if test="commentNum != null">
        #{commentNum,jdbcType=INTEGER},
      </if>
      <if test="commentUserid != null">
        #{commentUserid,jdbcType=INTEGER},
      </if>
      <if test="commentState != null">
        #{commentState,jdbcType=INTEGER},
      </if>
      <if test="commentUsernname != null">
        #{commentUsernname,jdbcType=VARCHAR},
      </if>
    </trim>
  </insert>
  <select id="countByExample" parameterType="com.aode.bean.CommentExample" resultType="java.lang.Long">
    select count(*) from comment
    <if test="_parameter != null">
      <include refid="Example_Where_Clause" />
    </if>
  </select>
  <update id="updateByExampleSelective" parameterType="map">
    update comment
    <set>
      <if test="record.commentId != null">
        comment_id = #{record.commentId,jdbcType=INTEGER},
      </if>
      <if test="record.commentContent != null">
        comment_content = #{record.commentContent,jdbcType=VARCHAR},
      </if>
      <if test="record.commentPosttime != null">
        comment_postTime = #{record.commentPosttime,jdbcType=TIMESTAMP},
      </if>
      <if test="record.commentOwnerid != null">
        comment_ownerId = #{record.commentOwnerid,jdbcType=INTEGER},
      </if>
      <if test="record.commentNum != null">
        comment_num = #{record.commentNum,jdbcType=INTEGER},
      </if>
      <if test="record.commentUserid != null">
        comment_userId = #{record.commentUserid,jdbcType=INTEGER},
      </if>
      <if test="record.commentState != null">
        comment_state = #{record.commentState,jdbcType=INTEGER},
      </if>
      <if test="record.commentUsernname != null">
        comment_usernname = #{record.commentUsernname,jdbcType=VARCHAR},
      </if>
    </set>
    <if test="_parameter != null">
      <include refid="Update_By_Example_Where_Clause" />
    </if>
  </update>
  <update id="updateByExample" parameterType="map">
    update comment
    set comment_id = #{record.commentId,jdbcType=INTEGER},
      comment_content = #{record.commentContent,jdbcType=VARCHAR},
      comment_postTime = #{record.commentPosttime,jdbcType=TIMESTAMP},
      comment_ownerId = #{record.commentOwnerid,jdbcType=INTEGER},
      comment_num = #{record.commentNum,jdbcType=INTEGER},
      comment_userId = #{record.commentUserid,jdbcType=INTEGER},
      comment_state = #{record.commentState,jdbcType=INTEGER},
      comment_usernname = #{record.commentUsernname,jdbcType=VARCHAR}
    <if test="_parameter != null">
      <include refid="Update_By_Example_Where_Clause" />
    </if>
  </update>
  <update id="updateByPrimaryKeySelective" parameterType="com.aode.bean.Comment">
    update comment
    <set>
      <if test="commentContent != null">
        comment_content = #{commentContent,jdbcType=VARCHAR},
      </if>
      <if test="commentPosttime != null">
        comment_postTime = #{commentPosttime,jdbcType=TIMESTAMP},
      </if>
      <if test="commentOwnerid != null">
        comment_ownerId = #{commentOwnerid,jdbcType=INTEGER},
      </if>
      <if test="commentNum != null">
        comment_num = #{commentNum,jdbcType=INTEGER},
      </if>
      <if test="commentUserid != null">
        comment_userId = #{commentUserid,jdbcType=INTEGER},
      </if>
      <if test="commentState != null">
        comment_state = #{commentState,jdbcType=INTEGER},
      </if>
      <if test="commentUsernname != null">
        comment_usernname = #{commentUsernname,jdbcType=VARCHAR},
      </if>
    </set>
    where comment_id = #{commentId,jdbcType=INTEGER}
  </update>
  <update id="updateByPrimaryKey" parameterType="com.aode.bean.Comment">
    update comment
    set comment_content = #{commentContent,jdbcType=VARCHAR},
      comment_postTime = #{commentPosttime,jdbcType=TIMESTAMP},
      comment_ownerId = #{commentOwnerid,jdbcType=INTEGER},
      comment_num = #{commentNum,jdbcType=INTEGER},
      comment_userId = #{commentUserid,jdbcType=INTEGER},
      comment_state = #{commentState,jdbcType=INTEGER},
      comment_usernname = #{commentUsernname,jdbcType=VARCHAR}
    where comment_id = #{commentId,jdbcType=INTEGER}
  </update>
</mapper>