<?xml version="1.0" encoding="UTF-8"?>
<!DOCTYPE mapper PUBLIC "-//mybatis.org//DTD Mapper 3.0//EN" "http://mybatis.org/dtd/mybatis-3-mapper.dtd">
<mapper namespace="com.aode.dao.ImageMapper">
  <resultMap id="BaseResultMap" type="com.aode.bean.Image">
    <id column="image_id" jdbcType="INTEGER" property="imageId" />
    <result column="activity_id" jdbcType="INTEGER" property="activityId" />
    <result column="image_src" jdbcType="VARCHAR" property="imageSrc" />
    <result column="image_isDeleted" jdbcType="INTEGER" property="imageIsdeleted" />
  </resultMap>
  <sql id="Example_Where_Clause">
    <where>
      <foreach collection="oredCriteria" item="criteria" separator="or">
        <if test="criteria.valid">
          <trim prefix="(" prefixOverrides="and" suffix=")">
            <foreach collection="criteria.criteria" item="criterion">
              <choose>
                <when test="criterion.noValue">
                  and ${criterion.condition}
                </when>
                <when test="criterion.singleValue">
                  and ${criterion.condition} #{criterion.value}
                </when>
                <when test="criterion.betweenValue">
                  and ${criterion.condition} #{criterion.value} and #{criterion.secondValue}
                </when>
                <when test="criterion.listValue">
                  and ${criterion.condition}
                  <foreach close=")" collection="criterion.value" item="listItem" open="(" separator=",">
                    #{listItem}
                  </foreach>
                </when>
              </choose>
            </foreach>
          </trim>
        </if>
      </foreach>
    </where>
  </sql>
  <sql id="Update_By_Example_Where_Clause">
    <where>
      <foreach collection="example.oredCriteria" item="criteria" separator="or">
        <if test="criteria.valid">
          <trim prefix="(" prefixOverrides="and" suffix=")">
            <foreach collection="criteria.criteria" item="criterion">
              <choose>
                <when test="criterion.noValue">
                  and ${criterion.condition}
                </when>
                <when test="criterion.singleValue">
                  and ${criterion.condition} #{criterion.value}
                </when>
                <when test="criterion.betweenValue">
                  and ${criterion.condition} #{criterion.value} and #{criterion.secondValue}
                </when>
                <when test="criterion.listValue">
                  and ${criterion.condition}
                  <foreach close=")" collection="criterion.value" item="listItem" open="(" separator=",">
                    #{listItem}
                  </foreach>
                </when>
              </choose>
            </foreach>
          </trim>
        </if>
      </foreach>
    </where>
  </sql>
  <sql id="Base_Column_List">
    image_id, activity_id, image_src, image_isDeleted
  </sql>
  <select id="selectByExample" parameterType="com.aode.bean.ImageExample" resultMap="BaseResultMap">
    select
    <if test="distinct">
      distinct
    </if>
    <include refid="Base_Column_List" />
    from image
    <if test="_parameter != null">
      <include refid="Example_Where_Clause" />
    </if>
    <if test="orderByClause != null">
      order by ${orderByClause}
    </if>
  </select>
  <select id="selectByPrimaryKey" parameterType="java.lang.Integer" resultMap="BaseResultMap">
    select 
    <include refid="Base_Column_List" />
    from image
    where image_id = #{imageId,jdbcType=INTEGER}
  </select>
  <delete id="deleteByPrimaryKey" parameterType="java.lang.Integer">
    delete from image
    where image_id = #{imageId,jdbcType=INTEGER}
  </delete>
  <delete id="deleteByExample" parameterType="com.aode.bean.ImageExample">
    delete from image
    <if test="_parameter != null">
      <include refid="Example_Where_Clause" />
    </if>
  </delete>
  <insert id="insert" parameterType="com.aode.bean.Image">
    insert into image (image_id, activity_id, image_src, 
      image_isDeleted)
    values (#{imageId,jdbcType=INTEGER}, #{activityId,jdbcType=INTEGER}, #{imageSrc,jdbcType=VARCHAR}, 
      #{imageIsdeleted,jdbcType=INTEGER})
  </insert>
  <insert id="insertSelective" parameterType="com.aode.bean.Image">
    insert into image
    <trim prefix="(" suffix=")" suffixOverrides=",">
      <if test="imageId != null">
        image_id,
      </if>
      <if test="activityId != null">
        activity_id,
      </if>
      <if test="imageSrc != null">
        image_src,
      </if>
      <if test="imageIsdeleted != null">
        image_isDeleted,
      </if>
    </trim>
    <trim prefix="values (" suffix=")" suffixOverrides=",">
      <if test="imageId != null">
        #{imageId,jdbcType=INTEGER},
      </if>
      <if test="activityId != null">
        #{activityId,jdbcType=INTEGER},
      </if>
      <if test="imageSrc != null">
        #{imageSrc,jdbcType=VARCHAR},
      </if>
      <if test="imageIsdeleted != null">
        #{imageIsdeleted,jdbcType=INTEGER},
      </if>
    </trim>
  </insert>
  <select id="countByExample" parameterType="com.aode.bean.ImageExample" resultType="java.lang.Long">
    select count(*) from image
    <if test="_parameter != null">
      <include refid="Example_Where_Clause" />
    </if>
  </select>
  <update id="updateByExampleSelective" parameterType="map">
    update image
    <set>
      <if test="record.imageId != null">
        image_id = #{record.imageId,jdbcType=INTEGER},
      </if>
      <if test="record.activityId != null">
        activity_id = #{record.activityId,jdbcType=INTEGER},
      </if>
      <if test="record.imageSrc != null">
        image_src = #{record.imageSrc,jdbcType=VARCHAR},
      </if>
      <if test="record.imageIsdeleted != null">
        image_isDeleted = #{record.imageIsdeleted,jdbcType=INTEGER},
      </if>
    </set>
    <if test="_parameter != null">
      <include refid="Update_By_Example_Where_Clause" />
    </if>
  </update>
  <update id="updateByExample" parameterType="map">
    update image
    set image_id = #{record.imageId,jdbcType=INTEGER},
      activity_id = #{record.activityId,jdbcType=INTEGER},
      image_src = #{record.imageSrc,jdbcType=VARCHAR},
      image_isDeleted = #{record.imageIsdeleted,jdbcType=INTEGER}
    <if test="_parameter != null">
      <include refid="Update_By_Example_Where_Clause" />
    </if>
  </update>
  <update id="updateByPrimaryKeySelective" parameterType="com.aode.bean.Image">
    update image
    <set>
      <if test="activityId != null">
        activity_id = #{activityId,jdbcType=INTEGER},
      </if>
      <if test="imageSrc != null">
        image_src = #{imageSrc,jdbcType=VARCHAR},
      </if>
      <if test="imageIsdeleted != null">
        image_isDeleted = #{imageIsdeleted,jdbcType=INTEGER},
      </if>
    </set>
    where image_id = #{imageId,jdbcType=INTEGER}
  </update>
  <update id="updateByPrimaryKey" parameterType="com.aode.bean.Image">
    update image
    set activity_id = #{activityId,jdbcType=INTEGER},
      image_src = #{imageSrc,jdbcType=VARCHAR},
      image_isDeleted = #{imageIsdeleted,jdbcType=INTEGER}
    where image_id = #{imageId,jdbcType=INTEGER}
  </update>
</mapper>