<?xml version="1.0" encoding="UTF-8"?>
<!DOCTYPE mapper PUBLIC "-//mybatis.org//DTD Mapper 3.0//EN" "http://mybatis.org/dtd/mybatis-3-mapper.dtd">
<mapper namespace="com.aode.dao.MessageMapper">
  <resultMap id="BaseResultMap" type="com.aode.bean.Message">
    <id column="message_id" jdbcType="INTEGER" property="messageId" />
    <result column="message_content" jdbcType="VARCHAR" property="messageContent" />
    <result column="message_time" jdbcType="TIMESTAMP" property="messageTime" />
    <result column="u_id" jdbcType="INTEGER" property="uId" />
    <result column="admin_id" jdbcType="INTEGER" property="adminId" />
    <result column="a_id" jdbcType="INTEGER" property="aId" />
  </resultMap>
  <sql id="Example_Where_Clause">
    <where>
      <foreach collection="oredCriteria" item="criteria" separator="or">
        <if test="criteria.valid">
          <trim prefix="(" prefixOverrides="and" suffix=")">
            <foreach collection="criteria.criteria" item="criterion">
              <choose>
                <when test="criterion.noValue">
                  and ${criterion.condition}
                </when>
                <when test="criterion.singleValue">
                  and ${criterion.condition} #{criterion.value}
                </when>
                <when test="criterion.betweenValue">
                  and ${criterion.condition} #{criterion.value} and #{criterion.secondValue}
                </when>
                <when test="criterion.listValue">
                  and ${criterion.condition}
                  <foreach close=")" collection="criterion.value" item="listItem" open="(" separator=",">
                    #{listItem}
                  </foreach>
                </when>
              </choose>
            </foreach>
          </trim>
        </if>
      </foreach>
    </where>
  </sql>
  <sql id="Update_By_Example_Where_Clause">
    <where>
      <foreach collection="example.oredCriteria" item="criteria" separator="or">
        <if test="criteria.valid">
          <trim prefix="(" prefixOverrides="and" suffix=")">
            <foreach collection="criteria.criteria" item="criterion">
              <choose>
                <when test="criterion.noValue">
                  and ${criterion.condition}
                </when>
                <when test="criterion.singleValue">
                  and ${criterion.condition} #{criterion.value}
                </when>
                <when test="criterion.betweenValue">
                  and ${criterion.condition} #{criterion.value} and #{criterion.secondValue}
                </when>
                <when test="criterion.listValue">
                  and ${criterion.condition}
                  <foreach close=")" collection="criterion.value" item="listItem" open="(" separator=",">
                    #{listItem}
                  </foreach>
                </when>
              </choose>
            </foreach>
          </trim>
        </if>
      </foreach>
    </where>
  </sql>
  <sql id="Base_Column_List">
    message_id, message_content, message_time, u_id, admin_id, a_id
  </sql>
  <select id="selectByExample" parameterType="com.aode.bean.MessageExample" resultMap="BaseResultMap">
    select
    <if test="distinct">
      distinct
    </if>
    <include refid="Base_Column_List" />
    from message
    <if test="_parameter != null">
      <include refid="Example_Where_Clause" />
    </if>
    <if test="orderByClause != null">
      order by ${orderByClause}
    </if>
  </select>
  <select id="selectByPrimaryKey" parameterType="java.lang.Integer" resultMap="BaseResultMap">
    select 
    <include refid="Base_Column_List" />
    from message
    where message_id = #{messageId,jdbcType=INTEGER}
  </select>
  <delete id="deleteByPrimaryKey" parameterType="java.lang.Integer">
    delete from message
    where message_id = #{messageId,jdbcType=INTEGER}
  </delete>
  <delete id="deleteByExample" parameterType="com.aode.bean.MessageExample">
    delete from message
    <if test="_parameter != null">
      <include refid="Example_Where_Clause" />
    </if>
  </delete>
  <insert id="insert" parameterType="com.aode.bean.Message">
    insert into message (message_id, message_content, message_time, 
      u_id, admin_id, a_id)
    values (#{messageId,jdbcType=INTEGER}, #{messageContent,jdbcType=VARCHAR}, #{messageTime,jdbcType=TIMESTAMP}, 
      #{uId,jdbcType=INTEGER}, #{adminId,jdbcType=INTEGER}, #{aId,jdbcType=INTEGER})
  </insert>
  <insert id="insertSelective" parameterType="com.aode.bean.Message">
    insert into message
    <trim prefix="(" suffix=")" suffixOverrides=",">
      <if test="messageId != null">
        message_id,
      </if>
      <if test="messageContent != null">
        message_content,
      </if>
      <if test="messageTime != null">
        message_time,
      </if>
      <if test="uId != null">
        u_id,
      </if>
      <if test="adminId != null">
        admin_id,
      </if>
      <if test="aId != null">
        a_id,
      </if>
    </trim>
    <trim prefix="values (" suffix=")" suffixOverrides=",">
      <if test="messageId != null">
        #{messageId,jdbcType=INTEGER},
      </if>
      <if test="messageContent != null">
        #{messageContent,jdbcType=VARCHAR},
      </if>
      <if test="messageTime != null">
        #{messageTime,jdbcType=TIMESTAMP},
      </if>
      <if test="uId != null">
        #{uId,jdbcType=INTEGER},
      </if>
      <if test="adminId != null">
        #{adminId,jdbcType=INTEGER},
      </if>
      <if test="aId != null">
        #{aId,jdbcType=INTEGER},
      </if>
    </trim>
  </insert>
  <select id="countByExample" parameterType="com.aode.bean.MessageExample" resultType="java.lang.Long">
    select count(*) from message
    <if test="_parameter != null">
      <include refid="Example_Where_Clause" />
    </if>
  </select>
  <update id="updateByExampleSelective" parameterType="map">
    update message
    <set>
      <if test="record.messageId != null">
        message_id = #{record.messageId,jdbcType=INTEGER},
      </if>
      <if test="record.messageContent != null">
        message_content = #{record.messageContent,jdbcType=VARCHAR},
      </if>
      <if test="record.messageTime != null">
        message_time = #{record.messageTime,jdbcType=TIMESTAMP},
      </if>
      <if test="record.uId != null">
        u_id = #{record.uId,jdbcType=INTEGER},
      </if>
      <if test="record.adminId != null">
        admin_id = #{record.adminId,jdbcType=INTEGER},
      </if>
      <if test="record.aId != null">
        a_id = #{record.aId,jdbcType=INTEGER},
      </if>
    </set>
    <if test="_parameter != null">
      <include refid="Update_By_Example_Where_Clause" />
    </if>
  </update>
  <update id="updateByExample" parameterType="map">
    update message
    set message_id = #{record.messageId,jdbcType=INTEGER},
      message_content = #{record.messageContent,jdbcType=VARCHAR},
      message_time = #{record.messageTime,jdbcType=TIMESTAMP},
      u_id = #{record.uId,jdbcType=INTEGER},
      admin_id = #{record.adminId,jdbcType=INTEGER},
      a_id = #{record.aId,jdbcType=INTEGER}
    <if test="_parameter != null">
      <include refid="Update_By_Example_Where_Clause" />
    </if>
  </update>
  <update id="updateByPrimaryKeySelective" parameterType="com.aode.bean.Message">
    update message
    <set>
      <if test="messageContent != null">
        message_content = #{messageContent,jdbcType=VARCHAR},
      </if>
      <if test="messageTime != null">
        message_time = #{messageTime,jdbcType=TIMESTAMP},
      </if>
      <if test="uId != null">
        u_id = #{uId,jdbcType=INTEGER},
      </if>
      <if test="adminId != null">
        admin_id = #{adminId,jdbcType=INTEGER},
      </if>
      <if test="aId != null">
        a_id = #{aId,jdbcType=INTEGER},
      </if>
    </set>
    where message_id = #{messageId,jdbcType=INTEGER}
  </update>
  <update id="updateByPrimaryKey" parameterType="com.aode.bean.Message">
    update message
    set message_content = #{messageContent,jdbcType=VARCHAR},
      message_time = #{messageTime,jdbcType=TIMESTAMP},
      u_id = #{uId,jdbcType=INTEGER},
      admin_id = #{adminId,jdbcType=INTEGER},
      a_id = #{aId,jdbcType=INTEGER}
    where message_id = #{messageId,jdbcType=INTEGER}
  </update>
</mapper>