<?xml version="1.0" encoding="UTF-8"?>
<!DOCTYPE generatorConfiguration
        PUBLIC "-//mybatis.org//DTD MyBatis Generator Configuration 1.0//EN"
        "http://mybatis.org/dtd/mybatis-generator-config_1_0.dtd">
<generatorConfiguration>

    <context id="DB2Tables" targetRuntime="MyBatis3">

        <commentGenerator>
            <property name="suppressAllComments" value="true" /><!--取消生成注释-->
        </commentGenerator>

        <!-- 配置数据库连接 -->
        <jdbcConnection driverClass="com.mysql.jdbc.Driver"
                        connectionURL="jdbc:mysql://localhost:3306/miniprogram"
                        userId="root"
                        password="123456">
        </jdbcConnection>

        <javaTypeResolver>
            <property name="forceBigDecimals" value="false" />
        </javaTypeResolver>

        <!-- 指定javaBean生成的位置 -->
        <javaModelGenerator targetPackage="com.aode.bean"
                            targetProject=".\src\main\java">
            <property name="enableSubPackages" value="true" />
            <property name="trimStrings" value="true" />
        </javaModelGenerator>

        <!--指定sql映射文件生成的位置 -->
        <sqlMapGenerator targetPackage="mapper" targetProject=".\src\main\resources">
            <property name="enableSubPackages" value="true" />
        </sqlMapGenerator>

        <!-- 指定dao接口生成的位置，mapper接口 -->
        <javaClientGenerator type="XMLMAPPER"
                             targetPackage="com.aode.dao" targetProject=".\src\main\java">
            <property name="enableSubPackages" value="true" />
        </javaClientGenerator>

        <!-- table指定每个表的生成策略 -->
        <table tableName="activities" domainObjectName="Activities"></table>
        <table tableName="admin" domainObjectName="Admin"></table>
        <table tableName="annc" domainObjectName="Annc"></table>
        <table tableName="comment" domainObjectName="Comment"></table>
        <table tableName="department" domainObjectName="Department"></table>
        <table tableName="image" domainObjectName="Image"></table>
        <table tableName="message" domainObjectName="Message"></table>
        <table tableName="registration" domainObjectName="Registration"></table>
        <table tableName="reply" domainObjectName="Reply"></table>
    </context>
</generatorConfiguration>